-- MySQL dump 10.13  Distrib 8.0.31, for macos12 (arm64)
--
-- Host: 127.0.0.1    Database: homenet
-- ------------------------------------------------------
-- Server version	8.0.31

/*!40101 SET @OLD_CHARACTER_SET_CLIENT=@@CHARACTER_SET_CLIENT */;
/*!40101 SET @OLD_CHARACTER_SET_RESULTS=@@CHARACTER_SET_RESULTS */;
/*!40101 SET @OLD_COLLATION_CONNECTION=@@COLLATION_CONNECTION */;
/*!50503 SET NAMES utf8mb4 */;
/*!40103 SET @OLD_TIME_ZONE=@@TIME_ZONE */;
/*!40103 SET TIME_ZONE='+00:00' */;
/*!40014 SET @OLD_UNIQUE_CHECKS=@@UNIQUE_CHECKS, UNIQUE_CHECKS=0 */;
/*!40014 SET @OLD_FOREIGN_KEY_CHECKS=@@FOREIGN_KEY_CHECKS, FOREIGN_KEY_CHECKS=0 */;
/*!40101 SET @OLD_SQL_MODE=@@SQL_MODE, SQL_MODE='NO_AUTO_VALUE_ON_ZERO' */;
/*!40111 SET @OLD_SQL_NOTES=@@SQL_NOTES, SQL_NOTES=0 */;

CREATE DATABASE /*!32312 IF NOT EXISTS*/ `homenet` /*!40100 DEFAULT CHARACTER SET utf8mb4 COLLATE utf8mb4_general_ci */;

USE `homenet`;

--
-- Table structure for table `adresser`
--

/*!40101 SET @saved_cs_client     = @@character_set_client */;
/*!50503 SET character_set_client = utf8mb4 */;
CREATE TABLE `adresser` (
  `id` int unsigned NOT NULL AUTO_INCREMENT,
  `gatuadress` varchar(255) COLLATE utf8mb4_general_ci DEFAULT NULL,
  `ort` varchar(255) COLLATE utf8mb4_general_ci DEFAULT NULL,
  `postnr` varchar(5) COLLATE utf8mb4_general_ci DEFAULT NULL,
  PRIMARY KEY (`id`)
) ENGINE=InnoDB AUTO_INCREMENT=201 DEFAULT CHARSET=utf8mb4 COLLATE=utf8mb4_general_ci;
/*!40101 SET character_set_client = @saved_cs_client */;

--
-- Dumping data for table `adresser`
--

/*!40000 ALTER TABLE `adresser` DISABLE KEYS */;
INSERT INTO `adresser` VALUES (1,'upproret 75E','Helsingborg','25000'),(2,'toarp 37','Lund','22100'),(3,'upproret 33','Helsingborg','25000'),(4,'supgränd 66F','Lund','22100'),(5,'solhem','Degeberga','21230'),(6,'stortorget 55','Helsingborg','25000'),(7,'storgatan 57A','Malmö','22050'),(8,'kungstorget 49','Tomelilla','27300'),(9,'upproret 42','Malmö','22050'),(10,'toarp 2','Helsingborg','25000'),(11,'nattgränd 4','Lund','22100'),(12,'nattgränd 39','Tomelilla','27300'),(13,'upproret 1','Skurup','27400'),(14,'ullstorp 72E','Svedala','23041'),(15,'slutet 19B','Lund','22100'),(16,'bo 47','Lund','22100'),(17,'spagettiupploppet 32C','Malmö','22050'),(18,'toarp 57','Sjöbo','27500'),(19,'storgatan 8','Sjöbo','27500'),(20,'toarp 9D','Skurup','27400'),(21,'upproret 11','Helsingborg','25000'),(22,'byvägen 2','Tomelilla','27300'),(23,'storgatan 24','Svedala','23041'),(24,'byvägen 17F','Malmö','22050'),(25,'upproret 65D','Degeberga','21230'),(26,'falsterbogatan 12','Svedala','23041'),(27,'trädgårdsgatan 9','Lund','22100'),(28,'solhem','Helsingborg','25000'),(29,'diagonalen 50','Sjöbo','27500'),(30,'supgränd 37F','Tomelilla','27300'),(31,'bo 40','Skurup','27400'),(32,'alabastergränd 70B','Svedala','23041'),(33,'bo 47','Sjöbo','27500'),(34,'storgatan 39','Degeberga','21230'),(35,'diagonalen 69F','Helsingborg','25000'),(36,'toarp 49','Helsingborg','25000'),(37,'spagettiupploppet 29','Svedala','23041'),(38,'byvägen 73B','Lund','22100'),(39,'narvavägen 52','Malmö','22050'),(40,'diagonalen 16','Svedala','23041'),(41,'kungstorget 70','Tomelilla','27300'),(42,'trädgårdsgatan 59','Skurup','27400'),(43,'supgränd 43E','Helsingborg','25000'),(44,'slutet 30','Svedala','23041'),(45,'kungstorget 15C','Svedala','23041'),(46,'storgatan 67','Skurup','27400'),(47,'spagettiupploppet 64','Skurup','27400'),(48,'ullstorp 7','Lund','22100'),(49,'slutet 9F','Tomelilla','27300'),(50,'kungstorget 7B','Lund','22100'),(51,'narvavägen 24','Malmö','22050'),(52,'narvavägen 70E','Malmö','22050'),(53,'alabastergränd 31','Malmö','22050'),(54,'trädgårdsgatan 19','Sjöbo','27500'),(55,'solhem 72C','Lund','22100'),(56,'narvavägen 67','Sjöbo','27500'),(57,'toarp 35D','Skurup','27400'),(58,'supgränd 13','Svedala','23041'),(59,'kungstorget 1','Tomelilla','27300'),(60,'falsterbogatan 29E','Skurup','27400'),(61,'trädgårdsgatan 70','Malmö','22050'),(62,'falsterbogatan 56','Helsingborg','25000'),(63,'stortorget 57A','Malmö','22050'),(64,'bo 41','Helsingborg','25000'),(65,'bo 32','Lund','22100'),(66,'upproret 28','Svedala','23041'),(67,'supgränd 20','Malmö','22050'),(68,'diagonalen 75','Sjöbo','27500'),(69,'kungstorget 15','Helsingborg','25000'),(70,'diagonalen 44','Lund','22100'),(71,'spagettiupploppet 65C','Skurup','27400'),(72,'falsterbogatan 55','Degeberga','21230'),(73,'bo 67','Svedala','23041'),(74,'alabastergränd 34','Degeberga','21230'),(75,'solhem','Lund','22100'),(76,'solhem','Lund','22100'),(77,'narvavägen 29','Lund','22100'),(78,'supgränd 53','Degeberga','21230'),(79,'toarp 68D','Sjöbo','27500'),(80,'stortorget 44','Helsingborg','25000'),(81,'upproret 45','Degeberga','21230'),(82,'toarp 49','Malmö','22050'),(83,'kungstorget 52','Degeberga','21230'),(84,'storgatan 52','Skurup','27400'),(85,'trädgårdsgatan 28','Degeberga','21230'),(86,'toarp 33','Lund','22100'),(87,'falsterbogatan 51','Svedala','23041'),(88,'storgatan 47','Tomelilla','27300'),(89,'ullstorp 18D','Degeberga','21230'),(90,'ullstorp 65','Skurup','27400'),(91,'storgatan 6','Skurup','27400'),(92,'alabastergränd 15','Skurup','27400'),(93,'toarp 39','Svedala','23041'),(94,'stortorget 14C','Malmö','22050'),(95,'bo 65','Svedala','23041'),(96,'slutet 45B','Skurup','27400'),(97,'byvägen 28','Malmö','22050'),(98,'spagettiupploppet 8','Lund','22100'),(99,'falsterbogatan 30','Lund','22100'),(100,'byvägen 10','Sjöbo','27500'),(101,'diagonalen 52','Lund','22100'),(102,'diagonalen 30','Degeberga','21230'),(103,'upproret 4','Degeberga','21230'),(104,'falsterbogatan 67B','Skurup','27400'),(105,'alabastergränd 12','Helsingborg','25000'),(106,'bo 11','Svedala','23041'),(107,'alabastergränd 42','Skurup','27400'),(108,'stortorget 41C','Svedala','23041'),(109,'slutet 65D','Svedala','23041'),(110,'toarp 25A','Lund','22100'),(111,'ullstorp 56','Tomelilla','27300'),(112,'ullstorp 8','Lund','22100'),(113,'spagettiupploppet 62','Helsingborg','25000'),(114,'falsterbogatan 74','Skurup','27400'),(115,'nattgränd 31','Sjöbo','27500'),(116,'stortorget 2F','Malmö','22050'),(117,'trädgårdsgatan 41','Malmö','22050'),(118,'bo 33','Tomelilla','27300'),(119,'bo 62','Helsingborg','25000'),(120,'diagonalen 40','Degeberga','21230'),(121,'storgatan 39C','Svedala','23041'),(122,'kungstorget 6','Tomelilla','27300'),(123,'spagettiupploppet 15','Tomelilla','27300'),(124,'ullstorp 27','Tomelilla','27300'),(125,'falsterbogatan 25','Lund','22100'),(126,'slutet 52D','Lund','22100'),(127,'slutet 13','Skurup','27400'),(128,'supgränd 40','Lund','22100'),(129,'narvavägen 55','Helsingborg','25000'),(130,'slutet 52','Helsingborg','25000'),(131,'trädgårdsgatan 57','Malmö','22050'),(132,'bo 20','Sjöbo','27500'),(133,'spagettiupploppet 39','Lund','22100'),(134,'kungstorget 23','Helsingborg','25000'),(135,'alabastergränd 7','Skurup','27400'),(136,'storgatan 2','Lund','22100'),(137,'spagettiupploppet 15','Svedala','23041'),(138,'spagettiupploppet 66C','Lund','22100'),(139,'bo 71','Skurup','27400'),(140,'solhem 42E','Svedala','23041'),(141,'byvägen 27','Sjöbo','27500'),(142,'solhem','Skurup','27400'),(143,'nattgränd 32','Malmö','22050'),(144,'byvägen 23F','Tomelilla','27300'),(145,'alabastergränd 70','Sjöbo','27500'),(146,'kungstorget 7','Skurup','27400'),(147,'narvavägen 15','Sjöbo','27500'),(148,'falsterbogatan 48','Malmö','22050'),(149,'solhem 13B','Skurup','27400'),(150,'nattgränd 75','Malmö','22050'),(151,'slutet 16','Svedala','23041'),(152,'nattgränd 25D','Degeberga','21230'),(153,'nattgränd 18','Lund','22100'),(154,'falsterbogatan 18F','Lund','22100'),(155,'upproret 31','Svedala','23041'),(156,'stortorget 9','Tomelilla','27300'),(157,'kungstorget 11D','Sjöbo','27500'),(158,'toarp 22','Sjöbo','27500'),(159,'slutet 60','Lund','22100'),(160,'kungstorget 44','Sjöbo','27500'),(161,'narvavägen 72C','Sjöbo','27500'),(162,'toarp 9B','Sjöbo','27500'),(163,'ullstorp 61D','Degeberga','21230'),(164,'kungstorget 55','Helsingborg','25000'),(165,'ullstorp 63','Degeberga','21230'),(166,'slutet 18','Malmö','22050'),(167,'bo 72','Lund','22100'),(168,'nattgränd 31','Skurup','27400'),(169,'falsterbogatan 75','Lund','22100'),(170,'byvägen 67','Malmö','22050'),(171,'bo 40F','Lund','22100'),(172,'ullstorp 69E','Sjöbo','27500'),(173,'storgatan 44','Skurup','27400'),(174,'supgränd 30','Tomelilla','27300'),(175,'trädgårdsgatan 28B','Malmö','22050'),(176,'falsterbogatan 6','Tomelilla','27300'),(177,'toarp 27C','Malmö','22050'),(178,'alabastergränd 46F','Svedala','23041'),(179,'diagonalen 24','Malmö','22050'),(180,'alabastergränd 34','Lund','22100'),(181,'bo 30E','Svedala','23041'),(182,'alabastergränd 24A','Tomelilla','27300'),(183,'ullstorp 29','Svedala','23041'),(184,'ullstorp 51','Tomelilla','27300'),(185,'stortorget 7F','Degeberga','21230'),(186,'kungstorget 59A','Svedala','23041'),(187,'falsterbogatan 65','Svedala','23041'),(188,'ullstorp 73','Lund','22100'),(189,'byvägen 20A','Skurup','27400'),(190,'byvägen 19','Svedala','23041'),(191,'alabastergränd 35','Lund','22100'),(192,'alabastergränd 72D','Helsingborg','25000'),(193,'bo 29B','Sjöbo','27500'),(194,'narvavägen 36','Degeberga','21230'),(195,'ullstorp 73','Sjöbo','27500'),(196,'alabastergränd 36','Lund','22100'),(197,'kungstorget 33','Svedala','23041'),(198,'kungstorget 9','Tomelilla','27300'),(199,'upproret 20B','Svedala','23041'),(200,'nattgränd 29','Sjöbo','27500');
/*!40000 ALTER TABLE `adresser` ENABLE KEYS */;

--
-- Table structure for table `maklare`
--

/*!40101 SET @saved_cs_client     = @@character_set_client */;
/*!50503 SET character_set_client = utf8mb4 */;
CREATE TABLE `maklare` (
  `id` int unsigned NOT NULL AUTO_INCREMENT,
  `email` varchar(50) COLLATE utf8mb4_general_ci DEFAULT NULL,
  `fornamn` varchar(50) COLLATE utf8mb4_general_ci DEFAULT NULL,
  `efternamn` varchar(50) COLLATE utf8mb4_general_ci DEFAULT NULL,
  `personnr` date DEFAULT NULL,
  `telefonnr` varchar(50) COLLATE utf8mb4_general_ci DEFAULT NULL,
  `bolag` varchar(255) COLLATE utf8mb4_general_ci DEFAULT NULL,
  PRIMARY KEY (`id`)
) ENGINE=InnoDB AUTO_INCREMENT=31 DEFAULT CHARSET=utf8mb4 COLLATE=utf8mb4_general_ci;
/*!40101 SET character_set_client = @saved_cs_client */;

--
-- Dumping data for table `maklare`
--

/*!40000 ALTER TABLE `maklare` DISABLE KEYS */;
INSERT INTO `maklare` VALUES (1,'twhiten0@google.com.hk','Maëline','Whiten','1992-04-13','7375851879','Privatmäklare'),(2,'thennington1@marriott.com','Marlène','Hennington','1969-04-07','3616789912','Bjurfors'),(3,'lherrema2@tumblr.com','Angélique','Herrema','1994-11-26','2142300664','Rumsson & Dyhr'),(4,'lbuckston3@bigcartel.com','Kuí','Buckston','1988-09-08','8781362179','Bjurfors'),(5,'cmorriarty4@webnode.com','Géraldine','Morriarty','1982-01-20','8657057248','Bolagret'),(6,'awoodford5@devhub.com','Börje','Woodford','1983-06-08','6168798328','Rumsson & Dyhr'),(7,'troft6@opera.com','Åke','Roft','1961-01-19','1715371474','Hembo'),(8,'idenver7@pagesperso-orange.fr','Yú','Denver','1964-09-27','4089948912','Bjurfors'),(9,'gkuhlmey8@thetimes.co.uk','Ráo','Kuhlmey','2002-02-21','8987495835','Borta Bäst'),(10,'dboerder9@quantcast.com','Anaïs','Boerder','1955-05-17','8216112719','Bolagret'),(11,'mshillsa@globo.com','Marie-josée','Shills','1977-04-25','4027497586','Privatmäklare'),(12,'aobroganeb@mozilla.org','Yáo','O\'Brogane','1954-09-11','1563273598','Rumsson & Dyhr'),(13,'lovenellc@networkadvertising.org','Simplifiés','Ovenell','1951-03-18','5114073054','Privatmäklare'),(14,'bgwynethd@wp.com','Yáo','Gwyneth','1993-01-27','7143693587','Hembo'),(15,'bbellsone@si.edu','Wá','Bellson','1963-12-14','2972326560','Bolagret'),(16,'mtummondf@indiatimes.com','Estève','Tummond','1990-09-22','3591279855','Bjurfors'),(17,'astormontg@examiner.com','Östen','Stormont','1985-07-01','1597419983','Privatmäklare'),(18,'ininnottih@github.io','Publicité','Ninnotti','1983-05-27','5199119339','Borta Bäst'),(19,'gcammiemilei@i2i.jp','Marie-josée','Cammiemile','1972-11-30','9465061611','Privatmäklare'),(20,'raudryj@biglobe.ne.jp','Dù','Audry','1984-04-21','1124411988','Bolagret'),(21,'rwalkdenk@google.cn','Magdalène','Walkden','1954-06-29','9539254483','Hembo'),(22,'mdoughtyl@creativecommons.org','Pò','Doughty','1990-02-25','2444904540','Bjurfors'),(23,'psetonm@scribd.com','Mélia','Seton','1996-10-13','8802152723','Privatmäklare'),(24,'clisciandron@thetimes.co.uk','Zhì','Lisciandro','1986-12-31','2655055344','Rumsson & Dyhr'),(25,'cphysicko@instagram.com','Desirée','Physick','1994-03-10','3972634326','Bolagret'),(26,'sedmedp@sphinn.com','Athéna','Edmed','1951-01-03','4138652630','Bjurfors'),(27,'elathwoodq@google.ru','Clémence','Lathwood','2001-04-24','8709023370','Borta Bäst'),(28,'saronsteinr@nbcnews.com','Zhì','Aronstein','1970-04-07','3721780721','Hembo'),(29,'tconverys@hostgator.com','Méthode','Convery','1950-05-14','7137443780','Privatmäklare'),(30,'mchataint@usgs.gov','Hélèna','Chatain','1972-04-29','5029917043','Bolagret');
/*!40000 ALTER TABLE `maklare` ENABLE KEYS */;

--
-- Table structure for table `objekt`
--

/*!40101 SET @saved_cs_client     = @@character_set_client */;
/*!50503 SET character_set_client = utf8mb4 */;
CREATE TABLE `objekt` (
  `id` int unsigned NOT NULL AUTO_INCREMENT,
  `adress` int unsigned DEFAULT NULL,
  `antal_rum` int DEFAULT NULL,
  `storlek` int DEFAULT NULL,
  `vaning` int DEFAULT NULL,
  `hiss` varchar(50) COLLATE utf8mb4_general_ci DEFAULT NULL,
  `balkong` varchar(50) COLLATE utf8mb4_general_ci DEFAULT NULL,
  `manadsavgift` int DEFAULT NULL,
  `utgangspris` int DEFAULT NULL,
  `forsaljningspris` int DEFAULT NULL,
  `maklararvode` int DEFAULT NULL,
  `saljstart` date DEFAULT NULL,
  `avslutat` date DEFAULT NULL,
  `saljare` int unsigned DEFAULT NULL,
  `kopare` int unsigned DEFAULT NULL,
  `maklare` int unsigned DEFAULT NULL,
  PRIMARY KEY (`id`),
  KEY `objekt_adresser_id_fk` (`adress`),
  KEY `objekt_kopare_id_fk` (`saljare`),
  KEY `objekt_maklare_id_fk` (`maklare`),
  KEY `objekt_personer_id_fk_2` (`kopare`),
  CONSTRAINT `objekt_adresser_id_fk` FOREIGN KEY (`adress`) REFERENCES `adresser` (`id`),
  CONSTRAINT `objekt_maklare_id_fk` FOREIGN KEY (`maklare`) REFERENCES `maklare` (`id`),
  CONSTRAINT `objekt_personer_id_fk` FOREIGN KEY (`saljare`) REFERENCES `personer` (`id`),
  CONSTRAINT `objekt_personer_id_fk_2` FOREIGN KEY (`kopare`) REFERENCES `personer` (`id`)
) ENGINE=InnoDB AUTO_INCREMENT=201 DEFAULT CHARSET=utf8mb4 COLLATE=utf8mb4_general_ci;
/*!40101 SET character_set_client = @saved_cs_client */;

--
-- Dumping data for table `objekt`
--

/*!40000 ALTER TABLE `objekt` DISABLE KEYS */;
INSERT INTO `objekt` VALUES (1,75,6,137,5,'1','1',3090,12420000,14561000,218415,'2020-01-25','2020-07-19',107,5,2),(2,72,5,113,2,'1','1',9044,5058000,5942500,89138,'2020-06-20','2020-06-23',129,27,5),(3,72,3,126,2,'0','0',7075,11194000,NULL,NULL,'2020-09-24',NULL,79,NULL,1),(4,24,1,40,1,'1','1',6033,1332000,1563000,23445,'2020-02-08','2020-10-23',21,150,6),(5,45,4,137,1,'1','1',8097,13380000,15673000,NULL,'2020-03-25','2020-06-21',180,69,NULL),(6,76,4,124,1,'1','1',8029,4267000,4267000,NULL,'2020-05-08','2020-06-13',91,30,NULL),(7,61,5,150,6,'0','1',4059,10465000,NULL,NULL,'2020-06-25',NULL,101,NULL,6),(8,32,5,150,6,'1','0',3029,4487000,5273500,79103,'2020-02-23','2020-07-11',90,130,6),(9,39,4,142,5,'0','1',7021,3533000,3533000,52995,'2020-01-29','2020-08-08',99,145,5),(10,40,5,126,5,'0','0',10114,14462000,16945000,254175,'2020-05-21','2020-08-21',92,82,2),(11,15,4,125,1,'1','0',6019,2454000,2890000,43350,'2020-02-28','2020-12-01',192,5,8),(12,62,1,44,1,'1','0',2019,986000,NULL,NULL,'2020-01-25',NULL,188,NULL,NULL),(13,19,2,89,2,'0','0',7137,12273000,NULL,NULL,'2020-01-04',NULL,99,NULL,4),(14,96,4,107,2,'1','1',11122,15333500,NULL,NULL,'2020-04-05',NULL,9,NULL,1),(15,14,3,134,3,'0','1',4014,2360000,2360000,35400,'2020-04-07','2020-06-17',121,58,8),(16,70,3,116,2,'1','1',6074,8648000,10132000,151980,'2020-04-11','2020-07-08',157,51,10),(17,16,6,112,5,'1','0',6056,6330000,NULL,NULL,'2020-06-04',NULL,192,NULL,2),(18,47,6,106,3,'1','0',11073,9204500,9204500,138068,'2020-03-04','2020-10-02',98,39,4),(19,50,5,109,1,'0','1',4137,14948000,17514000,262710,'2020-02-25','2020-07-30',159,15,3),(20,25,6,180,2,'0','1',6067,12090000,NULL,NULL,'2020-02-14',NULL,80,NULL,2),(21,90,4,71,4,'0','0',4147,12234000,12234000,183510,'2019-12-26','2020-04-19',71,9,8),(22,76,2,83,6,'0','0',7101,8438000,9881500,148223,'2020-07-21','2020-08-19',163,85,1),(23,70,4,133,5,'0','1',9066,8858000,10382500,155738,'2020-05-19','2020-11-08',20,135,10),(24,73,1,64,4,'0','0',2036,2734500,NULL,NULL,'2020-09-27',NULL,144,NULL,NULL),(25,73,1,65,4,'1','0',3039,2560000,2999000,44985,'2020-07-04','2020-11-19',1,26,9),(26,23,5,148,1,'0','1',7050,7405000,8687500,173750,'2020-08-07','2020-09-11',21,120,2),(27,39,2,144,4,'1','1',10079,13434500,NULL,NULL,'2020-06-07',NULL,178,NULL,6),(28,51,2,118,4,'0','0',3031,4366500,NULL,NULL,'2020-11-22',NULL,55,NULL,4),(29,21,4,93,6,'0','1',8157,14640000,17148500,257228,'2020-03-23','2020-12-02',80,3,1),(30,6,6,149,4,'1','0',8034,6028000,NULL,NULL,'2020-03-05',NULL,77,NULL,8),(31,95,4,143,6,'0','0',13088,12676000,14849500,222743,'2020-02-25','2020-11-21',121,10,6),(32,51,6,117,6,'1','1',10031,3651000,NULL,NULL,'2020-03-02',NULL,40,NULL,2),(33,75,5,84,4,'0','0',3006,683000,683000,10245,'2019-12-15','2019-12-31',47,66,1),(34,44,5,108,5,'1','0',12108,11758000,13781500,206723,'2020-05-12','2020-09-17',30,60,6),(35,7,3,178,4,'0','1',6077,16178000,13817000,207255,'2019-12-28','2020-11-18',112,92,3),(36,24,4,179,2,'1','1',4012,2684000,NULL,NULL,'2020-09-08',NULL,190,NULL,NULL),(37,80,6,180,6,'0','0',5013,2402000,2839000,42585,'2019-12-30','2020-03-31',147,90,9),(38,22,6,140,1,'1','1',12043,6137000,7210000,108150,'2020-07-01','2020-11-18',190,157,4),(39,66,4,134,1,'0','0',9084,13197500,NULL,NULL,'2020-02-28',NULL,174,NULL,3),(40,40,6,180,6,'1','1',7078,14121000,16550000,248250,'2019-12-10','2020-07-20',171,134,1),(41,96,4,112,4,'0','0',11099,11144000,NULL,NULL,'2020-05-31',NULL,20,NULL,4),(42,19,3,160,5,'1','0',9054,10132000,10132000,NULL,'2020-07-20','2020-09-23',194,120,NULL),(43,74,2,58,6,'0','0',5092,5344000,6262000,93930,'2019-12-10','2020-11-23',66,2,9),(44,1,1,40,5,'0','0',4065,2619000,3068500,46028,'2020-01-10','2020-04-03',164,130,4),(45,55,5,77,6,'0','0',8055,5024000,5024000,75360,'2020-06-04','2020-08-20',29,127,3),(46,70,5,81,3,'1','0',5084,6820000,8005000,120075,'2020-02-16','2020-03-03',60,159,2),(47,28,5,165,6,'1','1',3042,6953000,NULL,NULL,'2020-07-24',NULL,78,NULL,6),(48,69,5,136,1,'0','1',11061,9853500,9853500,147803,'2020-07-28','2020-08-15',181,137,4),(49,75,4,90,6,'1','1',9138,14590000,12453000,186795,'2020-07-20','2020-08-13',112,94,9),(50,50,2,80,4,'0','0',9072,5784000,6776500,101648,'2020-01-24','2020-03-03',29,10,1),(51,41,6,158,1,'0','1',10084,15736500,15736500,236048,'2020-01-25','2020-11-05',162,106,5),(52,27,4,171,5,'0','0',8040,6934000,8130500,162610,'2020-03-16','2020-04-03',129,156,5),(53,71,3,175,3,'0','0',6076,13319000,15595500,233933,'2020-01-23','2020-05-14',180,79,9),(54,7,3,178,5,'0','1',7060,12603500,12603500,189053,'2020-03-27','2020-06-25',136,139,3),(55,99,6,124,5,'0','1',9089,11138000,13061500,195923,'2020-01-05','2020-07-02',113,57,8),(56,49,6,116,3,'0','1',13011,1537000,1288000,19320,'2019-12-15','2020-11-08',72,5,2),(57,13,3,146,5,'0','0',3062,10678500,NULL,NULL,'2020-10-31',NULL,1,NULL,1),(58,2,2,51,3,'1','0',2571,3642000,4271000,NULL,'2020-03-12','2020-09-25',50,87,NULL),(59,1,5,120,5,'0','0',13075,9023000,NULL,NULL,'2020-07-22',NULL,59,NULL,5),(60,76,6,113,4,'1','1',8115,15267000,15267000,229005,'2019-12-28','2020-04-16',151,151,7),(61,10,6,180,3,'1','0',12044,7989000,9375500,140633,'2020-08-20','2020-09-04',113,95,2),(62,28,6,140,2,'0','0',8093,13092000,15347000,NULL,'2020-01-18','2020-04-05',68,122,NULL),(63,43,1,52,1,'0','1',5059,3649000,3649000,54735,'2020-05-26','2020-08-10',163,14,10),(64,63,1,74,5,'0','0',2022,1646000,NULL,NULL,'2020-08-06',NULL,116,NULL,8),(65,85,6,97,2,'1','0',6050,4924000,5791500,115830,'2020-06-20','2020-09-30',3,44,8),(66,50,1,40,1,'1','0',5179,8406500,8406500,126098,'2020-01-19','2020-07-31',118,140,6),(67,87,3,78,5,'0','0',8026,2045000,2407000,36105,'2019-12-26','2020-09-12',93,140,7),(68,57,2,80,6,'0','1',3056,4517000,5294000,NULL,'2020-09-22','2020-11-06',3,139,NULL),(69,100,1,36,3,'0','1',8270,11398000,11398000,NULL,'2020-07-28','2020-07-28',10,103,NULL),(70,97,2,80,5,'0','1',4176,16560000,14146000,NULL,'2020-05-08','2020-10-05',140,107,NULL),(71,12,2,80,3,'0','1',8124,9938000,NULL,NULL,'2020-06-18',NULL,10,NULL,3),(72,77,1,57,1,'1','0',1248,16578500,16578500,248678,'2020-05-11','2020-07-31',112,40,5),(73,49,1,40,3,'1','1',2099,3980000,NULL,NULL,'2020-03-05',NULL,95,NULL,8),(74,81,5,150,1,'0','0',10089,13427000,15733500,236003,'2020-07-01','2020-11-09',191,160,1),(75,30,6,180,5,'0','0',8010,2298500,NULL,NULL,'2020-09-25',NULL,122,NULL,NULL),(76,15,6,101,6,'0','0',5023,2416000,2857000,42855,'2020-01-29','2020-09-21',76,158,8),(77,70,5,90,3,'0','0',6037,3923500,NULL,NULL,'2020-08-30',NULL,70,NULL,NULL),(78,16,4,112,4,'1','0',9016,2118000,2118000,42360,'2020-07-27','2020-11-18',35,94,2),(79,96,1,38,2,'0','1',5178,6768000,NULL,NULL,'2020-06-07',NULL,114,NULL,5),(80,88,3,54,2,'1','0',5093,5043000,5915500,88733,'2020-06-16','2020-10-27',104,9,10),(81,92,2,80,6,'1','1',9019,1870500,NULL,NULL,'2020-07-01',NULL,108,NULL,9),(82,3,3,120,5,'0','1',5075,9112000,10674500,160118,'2020-02-18','2020-04-20',162,155,3),(83,22,6,117,1,'0','0',6060,7034000,8260000,123900,'2020-04-14','2020-09-21',161,100,9),(84,3,2,93,2,'1','1',6083,9127500,NULL,NULL,'2020-04-10',NULL,129,NULL,9),(85,8,6,180,1,'1','0',9078,14212000,16656500,NULL,'2020-01-21','2020-11-21',25,33,NULL),(86,70,4,114,1,'1','1',10086,9805000,11491000,172365,'2020-03-08','2020-10-18',75,114,2),(87,15,3,119,2,'1','0',8117,16394500,NULL,NULL,'2020-02-20',NULL,96,NULL,NULL),(88,40,1,55,3,'0','1',3146,8059000,9433000,141495,'2020-09-24','2020-10-27',79,107,10),(89,63,1,40,3,'0','1',7056,2270000,NULL,NULL,'2020-10-30',NULL,145,NULL,9),(90,26,2,63,6,'1','0',6193,14282500,14282500,214238,'2020-10-10','2020-11-14',12,77,8),(91,96,2,80,6,'1','1',8061,5810000,4958000,NULL,'2019-12-30','2020-06-21',181,86,NULL),(92,26,3,178,2,'1','0',10029,5219000,6118500,91778,'2020-03-17','2020-10-04',52,143,1),(93,97,2,93,4,'1','1',9086,9416500,NULL,NULL,'2020-12-08',NULL,90,NULL,1),(94,33,4,120,5,'1','1',10085,10256000,12018500,180278,'2020-07-15','2020-08-22',169,22,2),(95,50,3,83,1,'0','1',7150,12455000,14587000,218805,'2020-01-08','2020-02-20',6,58,2),(96,93,1,70,6,'0','0',3114,9401000,NULL,NULL,'2019-12-16',NULL,113,NULL,NULL),(97,60,5,143,5,'0','1',9041,5963000,7000500,105008,'2020-07-21','2020-08-29',22,45,7),(98,78,5,150,5,'0','1',13074,13092500,11170000,167550,'2020-02-26','2020-11-27',104,123,4),(99,32,6,168,2,'1','0',7035,7036000,7036000,105540,'2020-02-27','2020-07-15',10,150,9),(100,11,3,56,4,'0','1',7069,3871000,4544000,68160,'2020-02-22','2020-02-22',95,31,6),(101,76,3,128,5,'0','1',8101,12947000,NULL,NULL,'2020-02-20',NULL,134,NULL,1),(102,86,3,109,4,'1','0',7031,3980000,3980000,59700,'2020-06-12','2020-08-27',12,8,1),(103,57,2,120,2,'1','0',5060,7219000,8454000,126810,'2020-02-15','2020-03-06',183,145,3),(104,62,3,99,6,'1','0',8117,11608000,13595500,271910,'2020-01-19','2020-08-25',58,104,7),(105,29,6,180,4,'1','1',5030,6370000,6370000,95550,'2019-12-07','2020-02-10',172,73,1),(106,64,5,83,6,'0','0',11136,11330000,NULL,NULL,'2020-06-04',NULL,23,NULL,10),(107,34,6,168,6,'0','0',10071,12085000,14168500,212528,'2020-01-23','2020-04-23',46,25,5),(108,30,2,52,3,'1','0',5187,11397500,NULL,NULL,'2020-02-11',NULL,67,NULL,4),(109,65,2,80,2,'1','0',5100,8078000,9460500,141908,'2019-12-06','2020-02-10',194,119,5),(110,29,2,80,2,'0','1',3037,2989000,3506000,52590,'2020-07-11','2020-11-27',154,89,4),(111,80,4,114,4,'1','0',4121,16219000,16219000,243285,'2020-02-18','2020-08-18',135,2,5),(112,75,1,42,5,'0','1',6351,17265500,NULL,NULL,'2020-03-23',NULL,93,NULL,9),(113,42,4,124,3,'0','0',12075,9331000,10936000,164040,'2019-12-25','2020-01-27',54,81,10),(114,92,4,173,1,'1','1',10036,7496500,7496500,112448,'2020-07-18','2020-07-19',95,22,5),(115,62,3,151,2,'1','1',9067,10199000,11945500,179183,'2019-12-23','2020-06-28',145,154,10),(116,7,6,90,5,'0','1',9056,5091000,5987000,89805,'2019-12-10','2020-02-20',135,5,3),(117,81,6,144,1,'1','1',7071,12156500,12156500,243130,'2020-02-14','2020-03-13',99,125,1),(118,13,1,50,1,'1','1',1299,14977000,17527500,262913,'2019-12-15','2019-12-16',21,97,7),(119,72,1,44,2,'1','1',3330,17005500,NULL,NULL,'2020-09-04',NULL,89,NULL,8),(120,85,2,142,6,'0','0',8015,2635500,2635500,39533,'2019-12-15','2020-08-27',56,120,8),(121,42,2,115,4,'1','1',7063,7344000,8600500,129008,'2019-12-03','2020-08-13',71,133,6),(122,12,5,137,4,'1','0',13088,12160000,14251500,213773,'2020-04-22','2020-10-19',131,138,1),(123,85,1,38,3,'1','0',6192,8541000,8541000,128115,'2020-06-27','2020-09-03',31,1,10),(124,31,6,162,4,'0','0',11069,11303000,13253500,198803,'2020-03-08','2020-10-18',1,100,4),(125,68,2,103,6,'0','1',4128,13206000,15459500,231893,'2020-04-07','2020-09-18',2,90,10),(126,92,3,95,2,'0','1',9073,8214500,8214500,123218,'2020-02-04','2020-08-20',145,160,6),(127,33,2,72,4,'1','1',4097,7016000,NULL,NULL,'2020-05-13',NULL,137,NULL,2),(128,17,5,130,5,'1','1',10059,7763000,9107000,136605,'2020-03-24','2020-09-09',92,30,7),(129,60,4,91,3,'0','1',10023,2544500,NULL,NULL,'2019-12-20',NULL,85,NULL,1),(130,43,5,150,4,'0','1',7062,9388000,11007500,220150,'2019-12-28','2019-12-31',83,159,10),(131,54,1,49,5,'0','1',4228,11183000,13088500,196328,'2020-04-15','2020-11-28',77,17,5),(132,78,1,29,4,'0','1',7359,12195000,12195000,182925,'2019-12-04','2020-10-29',130,88,1),(133,40,5,100,2,'0','1',4092,10861500,NULL,NULL,'2020-10-02',NULL,43,NULL,5),(134,42,5,150,2,'1','1',10026,3973000,4672000,70080,'2020-02-14','2020-02-15',194,151,6),(135,73,5,150,4,'0','1',3037,6615500,6615500,99233,'2019-12-16','2020-01-08',134,152,5),(136,58,3,70,3,'1','1',8026,1889000,NULL,NULL,'2020-01-18',NULL,104,NULL,3),(137,31,1,65,1,'0','1',3086,5643000,6606000,99090,'2020-05-29','2020-10-22',105,91,2),(138,29,6,180,3,'0','1',6054,11546000,11546000,173190,'2020-03-30','2020-11-14',16,63,2),(139,83,6,173,3,'1','1',7064,11235000,13173500,197603,'2019-12-02','2020-08-05',151,6,10),(140,79,1,40,1,'1','1',4276,12954000,11068000,166020,'2020-01-30','2020-03-06',75,22,5),(141,32,3,114,4,'0','0',6038,5120500,5120500,76808,'2020-02-01','2020-07-22',130,17,1),(142,1,3,101,4,'0','0',3077,7815000,9157500,137363,'2020-07-28','2020-10-01',7,38,6),(143,1,6,180,5,'1','0',3050,9052000,10619500,265488,'2020-02-13','2020-04-19',114,32,10),(144,21,5,165,2,'0','0',8085,16528500,16528500,247928,'2019-12-18','2020-02-04',93,32,10),(145,44,6,180,1,'1','0',9034,6124000,7193500,107903,'2020-07-27','2020-11-25',56,27,3),(146,66,1,69,2,'0','1',8214,14774000,17289500,259343,'2020-05-04','2020-06-17',165,101,8),(147,39,2,80,5,'0','0',10012,1220000,NULL,NULL,'2020-03-05',NULL,26,NULL,3),(148,79,3,83,1,'1','0',5100,8359000,NULL,NULL,'2020-06-27',NULL,159,NULL,7),(149,5,1,39,1,'0','1',8027,1089000,1278500,19178,'2020-04-10','2020-09-10',179,39,8),(150,36,3,128,4,'1','0',5009,1445500,1445500,21683,'2019-12-29','2020-07-11',31,3,8),(151,29,3,154,5,'0','1',8093,14456000,16926000,253890,'2020-06-17','2020-08-10',38,30,4),(152,72,6,174,4,'1','0',8025,4362000,5132000,76980,'2020-04-13','2020-10-04',67,46,8),(153,48,4,154,1,'0','1',8014,2580500,2580500,38708,'2019-12-24','2020-08-15',113,36,4),(154,70,6,136,3,'0','1',8106,16953500,14465000,216975,'2020-01-06','2020-09-01',98,152,1),(155,6,4,122,4,'1','0',13046,5705000,NULL,NULL,'2020-10-18',NULL,4,NULL,9),(156,88,2,117,5,'1','0',5017,2338500,2338500,NULL,'2019-12-23','2020-09-07',145,40,NULL),(157,54,4,120,5,'1','0',10122,14657000,NULL,NULL,'2020-08-05',NULL,72,NULL,2),(158,88,6,116,2,'0','0',13075,8735000,10250000,153750,'2020-03-12','2020-11-15',70,153,10),(159,100,2,122,3,'1','0',4018,2583000,2583000,NULL,'2019-12-04','2020-04-08',175,20,NULL),(160,54,1,42,2,'1','0',6197,8310000,9727000,145905,'2020-03-10','2020-11-10',189,84,7),(161,44,2,76,3,'0','1',4085,7587000,6477000,NULL,'2020-01-29','2020-09-29',126,78,NULL),(162,6,3,119,1,'1','0',8079,11037500,11037500,165563,'2019-12-29','2020-01-23',128,149,8),(163,65,2,80,1,'0','1',6078,6310000,7391500,NULL,'2020-01-17','2020-10-10',129,29,NULL),(164,77,5,76,6,'1','1',3033,2569000,NULL,NULL,'2020-04-09',NULL,158,NULL,7),(165,42,6,180,5,'1','1',9056,12023500,NULL,NULL,'2019-12-08',NULL,184,NULL,9),(166,20,5,132,3,'1','0',12080,10574000,NULL,NULL,'2020-09-02',NULL,97,NULL,5),(167,10,3,127,2,'0','1',3020,2617000,3075000,NULL,'2020-02-11','2020-07-29',109,36,NULL),(168,34,2,132,4,'0','1',5015,2386500,2386500,35798,'2020-07-03','2020-10-23',90,87,9),(169,38,5,86,3,'0','0',11053,4601000,NULL,NULL,'2020-04-12',NULL,63,NULL,3),(170,38,3,146,2,'1','0',6040,5934000,NULL,NULL,'2020-01-13',NULL,5,NULL,9),(171,55,3,121,3,'1','0',8065,9305500,9305500,NULL,'2020-06-17','2020-09-14',160,110,NULL),(172,52,6,165,3,'1','0',5027,4619000,5433000,81495,'2019-12-22','2020-08-19',11,116,5),(173,81,1,38,6,'1','0',9278,10570000,12371500,185573,'2020-09-03','2020-09-06',45,62,9),(174,96,2,80,4,'1','0',4069,6514000,6514000,97710,'2020-02-06','2020-03-21',74,152,3),(175,69,1,29,2,'1','0',7279,9472500,8092000,121380,'2020-04-23','2020-09-17',163,148,4),(176,17,6,113,1,'1','1',11050,5699000,6698000,100470,'2020-01-23','2020-04-11',7,69,9),(177,9,3,141,3,'1','1',6051,8459000,NULL,NULL,'2020-10-22',NULL,91,NULL,7),(178,82,4,139,1,'0','0',10033,4638000,5445000,81675,'2019-12-08','2020-05-24',173,91,7),(179,21,4,92,2,'1','1',4146,13515000,15832000,NULL,'2019-12-30','2020-11-09',143,48,NULL),(180,82,4,139,2,'0','0',3018,3038500,NULL,NULL,'2020-05-03',NULL,26,NULL,6),(181,27,3,88,4,'1','0',11135,11917000,NULL,NULL,'2019-12-09',NULL,25,NULL,7),(182,71,3,107,4,'0','0',8080,10099000,8620000,172400,'2020-05-12','2020-07-16',16,74,5),(183,17,2,79,4,'0','0',10176,16283500,NULL,NULL,'2020-09-09',NULL,81,NULL,8),(184,97,6,178,5,'1','1',6007,1261000,1504000,22560,'2020-09-30','2020-09-30',138,92,4),(185,18,6,180,3,'1','0',7066,11910000,13963000,209445,'2020-02-10','2020-04-19',114,119,8),(186,61,3,171,3,'0','1',4066,13332500,13332500,199988,'2020-04-25','2020-09-30',175,2,2),(187,73,4,167,4,'1','1',10037,6336000,7431000,111465,'2020-03-30','2020-05-16',78,2,8),(188,47,3,114,5,'0','1',8058,6637000,7779000,116685,'2020-03-11','2020-07-03',59,114,7),(189,4,5,171,5,'1','1',8049,9884000,9884000,148260,'2020-03-02','2020-08-30',18,48,7),(190,88,1,45,3,'0','0',7306,13798000,16148000,242220,'2019-12-16','2020-09-22',142,22,10),(191,70,4,73,6,'1','0',3054,3978000,NULL,NULL,'2020-01-04',NULL,50,NULL,NULL),(192,78,5,84,4,'0','0',12097,9614500,9614500,144218,'2020-07-26','2020-10-26',51,121,10),(193,86,6,138,3,'1','1',9101,13988000,NULL,NULL,'2020-03-22',NULL,73,NULL,NULL),(194,69,2,115,1,'0','0',5063,7299000,NULL,NULL,'2020-07-28',NULL,144,NULL,5),(195,83,6,115,3,'0','1',10098,13275500,NULL,NULL,'2020-09-19',NULL,69,NULL,5),(196,83,5,150,3,'0','1',12045,8049000,6859000,102885,'2020-02-18','2020-03-05',30,3,3),(197,43,5,150,6,'1','1',7013,2048000,2420000,36300,'2019-12-11','2020-06-27',82,102,1),(198,47,5,143,3,'1','0',13059,9944500,9944500,149168,'2020-04-10','2020-11-28',153,58,8),(199,99,2,141,5,'1','0',6004,680000,803000,12045,'2020-03-01','2020-05-24',140,106,2),(200,72,2,80,5,'1','1',8098,7858000,9203000,138045,'2020-05-03','2020-06-03',109,63,10);
/*!40000 ALTER TABLE `objekt` ENABLE KEYS */;

--
-- Table structure for table `personer`
--

/*!40101 SET @saved_cs_client     = @@character_set_client */;
/*!50503 SET character_set_client = utf8mb4 */;
CREATE TABLE `personer` (
  `id` int unsigned NOT NULL AUTO_INCREMENT,
  `email` varchar(50) COLLATE utf8mb4_general_ci DEFAULT NULL,
  `fornamn` varchar(50) COLLATE utf8mb4_general_ci DEFAULT NULL,
  `efternamn` varchar(50) COLLATE utf8mb4_general_ci DEFAULT NULL,
  `personnr` date DEFAULT NULL,
  `telefonnr` varchar(50) COLLATE utf8mb4_general_ci DEFAULT NULL,
  `adress` int unsigned DEFAULT NULL,
  PRIMARY KEY (`id`),
  KEY `personer_adresser_id_fk` (`adress`),
  CONSTRAINT `personer_adresser_id_fk` FOREIGN KEY (`adress`) REFERENCES `adresser` (`id`)
) ENGINE=InnoDB AUTO_INCREMENT=201 DEFAULT CHARSET=utf8mb4 COLLATE=utf8mb4_general_ci;
/*!40101 SET character_set_client = @saved_cs_client */;

--
-- Dumping data for table `personer`
--

/*!40000 ALTER TABLE `personer` DISABLE KEYS */;
INSERT INTO `personer` VALUES (1,'mwudeland0@drupal.org','Danièle','Wudeland','1997-12-19','3114705221',102),(2,'jprayer1@wordpress.org','Zoé','Prayer','1958-02-26','6162426013',104),(3,'hdimmick2@epa.gov','Thérèse','Dimmick','1988-07-25','5095529405',106),(4,'scuddehay3@delicious.com','Noémie','Cuddehay','1962-08-23','3451506020',108),(5,'ycheley4@shop-pro.jp','André','Cheley','1976-12-26','6175439945',110),(6,'nrobbs5@discuz.net','Mén','Robbs','1981-09-02','4494894376',112),(7,'lrebichon6@dagondesign.com','Lyséa','Rebichon','1959-11-14','4066031919',114),(8,'hbastin7@sitemeter.com','Eléonore','Bastin','1994-12-10','5618415738',116),(9,'ttenniswood8@umn.edu','Léonore','Tenniswood','1968-09-10','5243553865',118),(10,'smonahan9@webnode.com','Lén','Monahan','1961-07-11','7885835122',120),(11,'rbeardsa@istockphoto.com','Andréa','Beards','1986-12-16','8804067399',122),(12,'acoodeb@businessweek.com','Maïlis','Coode','1953-06-28','7044216588',124),(13,'mmcewenc@addthis.com','Intéressant','McEwen','1981-11-17','9827984352',126),(14,'cmccrained@pbs.org','Athéna','McCraine','1971-01-22','1277117376',128),(15,'mhadnye@amazon.com','Françoise','Hadny','1980-05-06','5022107931',130),(16,'crummingsf@discuz.net','Yóu','Rummings','1997-05-11','8712897712',132),(17,'jmacgebenayg@nyu.edu','Tán','MacGebenay','1978-02-28','4165224746',134),(18,'kroggemanh@jigsy.com','Esbjörn','Roggeman','1954-04-23','8123485881',136),(19,'mturveyi@trellian.com','Mårten','Turvey','1960-12-15','5172726823',138),(20,'kkortj@ted.com','Léonie','Kort','1976-03-10','5851817117',140),(21,'kmcquorkelk@squidoo.com','Maëlann','McQuorkel','2002-02-07','6847628378',142),(22,'ebraganzal@xrea.com','Styrbjörn','Braganza','1972-09-22','5127265754',144),(23,'oapplebeem@goo.ne.jp','Marylène','Applebee','1989-09-30','8577668219',146),(24,'dgreggsn@goodreads.com','Cunégonde','Greggs','1974-02-17','1024427271',148),(25,'agundersono@typepad.com','Félicie','Gunderson','1977-04-07','7488215719',150),(26,'dcarbinep@go.com','Håkan','Carbine','1977-06-03','9891715383',152),(27,'lwatsonbrownq@springer.com','Crééz','Watson-Brown','1962-04-17','7605514989',154),(28,'ahuffar@ed.gov','Måns','Huffa','1966-10-20','8806171335',156),(29,'gcromwells@cocolog-nifty.com','Esbjörn','Cromwell','1999-08-07','7828698968',158),(30,'comonahant@loc.gov','Kallisté','O\'Monahan','1976-10-03','8559227347',160),(31,'mgummu@dailymail.co.uk','Edmée','Gumm','1967-10-23','4629525924',162),(32,'vlowthianv@washington.edu','Océanne','Lowthian','1997-11-29','7619832072',164),(33,'smcnyschew@over-blog.com','Geneviève','McNysche','1972-01-26','5542767046',166),(34,'maldredx@drupal.org','Félicie','Aldred','1961-07-21','8391125722',168),(35,'pshallcrassy@jugem.jp','Océanne','Shallcrass','1977-12-18','7547004892',170),(36,'jdaskiewiczz@quantcast.com','Ophélie','Daskiewicz','1987-01-07','3076149355',172),(37,'mmacsherry10@thetimes.co.uk','Hélène','MacSherry','1996-05-17','2644020926',174),(38,'canderl11@merriam-webster.com','Bénédicte','Anderl','1987-06-08','3168342947',176),(39,'amungin12@over-blog.com','Lorène','Mungin','1960-04-18','9799033641',178),(40,'efaughny13@boston.com','Eléonore','Faughny','1977-06-27','5114494227',180),(41,'bcreak14@mashable.com','Naëlle','Creak','1993-07-01','6457200546',182),(42,'dgrosier15@wikia.com','Daphnée','Grosier','1983-06-09','6717371466',184),(43,'jheinemann16@alexa.com','Océanne','Heinemann','1957-03-20','8263617054',186),(44,'mcollister17@mtv.com','Nuó','Collister','1985-04-20','3801225383',188),(45,'mbrewis18@nbcnews.com','Uò','Brewis','1989-01-13','6345845849',190),(46,'kkeeling19@eventbrite.com','Naëlle','Keeling','1970-12-08','3334155654',192),(47,'jwoodcroft1a@fda.gov','Loïs','Woodcroft','1950-10-01','1381833600',194),(48,'kalderwick1b@npr.org','Judicaël','Alderwick','1983-03-09','2921729995',9),(49,'sarguile1c@tiny.cc','Méghane','Arguile','1961-05-09','4462138229',198),(50,'bbaker1d@hp.com','Sélène','Baker','1951-08-16','4018322919',100),(51,'ssandal1e@drupal.org','Zhì','Sandal','1975-08-25','3452752508',102),(52,'rbeton1f@sakura.ne.jp','Ruò','Beton','1998-09-12','9276694589',104),(53,'rleebeter1g@shop-pro.jp','Jú','Leebeter','1992-09-28','5285090019',106),(54,'rbrownsall1h@weebly.com','Gaïa','Brownsall','1956-12-25','3846767970',69),(55,'gvasilik1i@wikipedia.org','Marie-hélène','Vasilik','1988-12-01','3675772888',110),(56,'dthain1j@csmonitor.com','Styrbjörn','Thain','1953-07-12','5077143792',112),(57,'chartil1k@apple.com','Noëlla','Hartil','2000-10-23','2898114960',114),(58,'btrinke1l@tinypic.com','Méthode','Trinke','1967-06-19','1216044154',116),(59,'mzywicki1m@addtoany.com','Lyséa','Zywicki','1954-02-21','4864618679',118),(60,'cnapton1n@mayoclinic.com','Ophélie','Napton','1956-07-21','1216605614',84),(61,'bkeble1o@wikispaces.com','Mégane','Keble','1955-05-02','1566494634',122),(62,'jdeighan1p@webeden.co.uk','Liè','Deighan','1993-08-31','5094574969',124),(63,'spallis1q@opensource.org','Gisèle','Pallis','1986-01-27','9477702761',126),(64,'jkorneichuk1r@discuz.net','Yè','Korneichuk','1993-12-02','4311166825',128),(65,'dcoleiro1s@blogs.com','Thérèsa','Coleiro','1973-05-16','2536996634',130),(66,'wdreamer1t@abc.net.au','Lauréna','Dreamer','1996-09-19','8914712559',132),(67,'eccomini1u@hc360.com','Agnès','Ccomini','1984-01-01','7888188103',134),(68,'sivins1v@unesco.org','Léana','Ivins','1950-03-29','2936826237',136),(69,'chembery1w@xinhuanet.com','Josée','Hembery','1975-11-02','2077361522',138),(70,'ebatterbee1x@latimes.com','Hélène','Batterbee','1955-11-17','8932501913',140),(71,'eflemmich1y@boston.com','Gwenaëlle','Flemmich','1973-09-12','2487989132',142),(72,'kdenerley1z@microsoft.com','Yú','Denerley','1985-11-27','3923115732',144),(73,'omohammed20@netscape.com','Léone','Mohammed','1982-06-26','5226982867',146),(74,'bchurch21@joomla.org','Aloïs','Church','1974-09-08','5696576897',148),(75,'smacknish22@weebly.com','Dafnée','Macknish','1996-09-04','9402787276',150),(76,'pragg23@yahoo.co.jp','Naéva','Ragg','1974-04-06','4244025358',152),(77,'kpeddel24@imageshack.us','Néhémie','Peddel','1981-03-14','1938081425',154),(78,'csommerland25@fotki.com','Östen','Sommerland','1952-03-17','1892798297',156),(79,'cplanks26@privacy.gov.au','Andrée','Planks','1975-08-31','8991471990',158),(80,'lgwinnel27@forbes.com','Almérinda','Gwinnel','1965-04-07','8531338476',160),(81,'ajouannisson28@jiathis.com','Marie-françoise','Jouannisson','1967-12-17','7341848820',162),(82,'cfitchett29@mlb.com','Audréanne','Fitchett','1956-05-03','7081064055',164),(83,'kmccreadie2a@prlog.org','Maïwenn','McCreadie','1973-12-07','1003522299',166),(84,'tcorringham2b@last.fm','Marie-josée','Corringham','1990-05-13','5752736214',168),(85,'rsimo2c@guardian.co.uk','Océane','Simo','1965-09-13','8076131600',170),(86,'ddrewitt2d@goo.ne.jp','Zhì','Drewitt','1957-11-17','2705604822',172),(87,'aomohun2e@dropbox.com','Vérane','O\'Mohun','1975-08-08','1196961678',55),(88,'mvautier2f@washington.edu','Léonie','Vautier','1971-02-16','1451696173',176),(89,'mlievesley2g@dagondesign.com','Méthode','Lievesley','1970-04-14','9883825448',178),(90,'zwyllt2h@discuz.net','Vénus','Wyllt','1974-11-11','4925380484',180),(91,'echild2i@xing.com','Océane','Child','1965-10-06','5689697541',182),(92,'hcordner2j@wired.com','Eliès','Cordner','1969-04-09','7639071218',184),(93,'tgullan2k@mapquest.com','Daphnée','Gullan','1975-12-12','8847594677',186),(94,'larnault2l@ihg.com','Gaétane','Arnault','1952-03-11','3888120287',188),(95,'mmcilwraith2m@yahoo.com','Joséphine','McIlwraith','1989-07-13','5201237939',190),(96,'gsunter2n@tamu.edu','Vénus','Sunter','1970-11-23','4812462210',192),(97,'aolpin2o@free.fr','Esbjörn','Olpin','1965-08-23','7044663701',194),(98,'porchard2p@cbslocal.com','Kù','Orchard','1982-06-24','5628349943',196),(99,'mmatejic2q@mail.ru','Åsa','Matejic','1996-12-25','6797637342',198),(100,'lhabbon2r@list-manage.com','Håkan','Habbon','1981-05-02','8822935581',105),(101,'krouzet2s@techcrunch.com','Naëlle','Rouzet','1992-08-01','5736471737',150),(102,'ctulloch2t@wiley.com','Clémentine','Tulloch','1988-08-11','9995888835',151),(103,'klagneaux2u@free.fr','Estève','Lagneaux','1952-05-06','3988096871',151),(104,'rdunthorn2v@alexa.com','Erwéi','Dunthorn','1958-04-02','8063500823',152),(105,'pderham2w@nifty.com','Zoé','Derham','1982-09-28','7392069591',152),(106,'bbicksteth2x@cyberchimps.com','Sòng','Bicksteth','1970-10-30','8187355151',153),(107,'eosbaldstone2y@mlb.com','Marie-noël','Osbaldstone','1976-05-11','3178324649',153),(108,'tshearn2z@printfriendly.com','Åke','Shearn','1978-01-31','7664048781',154),(109,'jgregore30@goo.ne.jp','Geneviève','Gregore','1953-02-23','4618406556',154),(110,'tturbard31@is.gd','Lauréna','Turbard','1983-05-01','3527835336',155),(111,'bivashin32@wikipedia.org','Géraldine','Ivashin','1961-04-16','8744472192',155),(112,'wscrannage33@marketwatch.com','Cléa','Scrannage','1987-04-23','2655498624',156),(113,'khollyman34@cbslocal.com','Mélodie','Hollyman','1996-10-13','9724104871',156),(114,'ccostain35@so-net.ne.jp','Lèi','Costain','1973-08-22','3418734531',157),(115,'pgillow36@163.com','Pål','Gillow','1966-08-29','4138317909',157),(116,'zleuchars37@blogspot.com','Eugénie','Leuchars','1995-09-24','3828924132',158),(117,'cthirst38@hibu.com','Andréanne','Thirst','1993-10-04','3513734376',158),(118,'bkaradzas39@gmpg.org','Yáo','Karadzas','1976-02-07','3084817856',159),(119,'vhastwell3a@ow.ly','Maïlis','Hastwell','1962-09-24','7184325952',159),(120,'rdinehart3b@taobao.com','Médiamass','Dine-Hart','1959-10-24','5448178935',3),(121,'tclist3c@examiner.com','Judicaël','Clist','1957-12-30','4807990691',160),(122,'wbasden3d@1und1.de','Gaëlle','Basden','1975-12-30','3283828526',161),(123,'rmartino3e@mail.ru','Marie-françoise','Martino','2001-03-13','5204571803',161),(124,'pmoro3f@meetup.com','Lorène','Moro','1997-11-14','1567005441',9),(125,'hlebosse3g@nytimes.com','Sélène','Le Bosse','1962-05-12','7323922821',162),(126,'cloosmore3h@ftc.gov','Lorène','Loosmore','1995-06-10','6352961826',163),(127,'cbascombe3i@nyu.edu','Nadège','Bascombe','1952-12-11','5827736845',163),(128,'hbater3j@pbs.org','Yénora','Bater','1995-04-06','7935939855',164),(129,'scrossfield3k@360.cn','Naéva','Crossfield','1983-12-29','1588970367',164),(130,'rgwatkins3l@163.com','Stéphanie','Gwatkins','1987-04-19','9734505823',165),(131,'gmorecomb3m@epa.gov','Laurélie','Morecomb','1961-08-16','7883576460',165),(132,'tgremain3n@blogtalkradio.com','Nadège','Gremain','1968-10-26','9139214331',166),(133,'rseiler3o@princeton.edu','Edmée','Seiler','1956-02-26','9841481083',166),(134,'bpallent3p@cbsnews.com','Andréanne','Pallent','1989-07-28','8676231368',167),(135,'lstuddert3q@illinois.edu','Mélodie','Studdert','1967-12-27','3897652918',167),(136,'vfidian3r@webs.com','Mà','Fidian','1985-07-01','7188476769',168),(137,'bdorr3s@networksolutions.com','Mà','Dorr','2001-05-15','9051700085',168),(138,'ethow3t@wordpress.org','Josée','Thow','1984-12-07','1015190569',169),(139,'tposnette3u@dailymotion.com','Naéva','Posnette','1988-10-02','2593180720',169),(140,'dsurplice3v@craigslist.org','Miléna','Surplice','1955-05-30','6049242147',170),(141,'dmerigot3w@army.mil','Lài','Merigot','1969-06-29','4937160673',170),(142,'pprest3x@jimdo.com','Andréanne','Prest','1970-03-20','1123839101',171),(143,'thowey3y@hibu.com','Gérald','Howey','1951-06-27','4759389770',171),(144,'oshurmore3z@samsung.com','Åslög','Shurmore','1994-12-01','4337344633',172),(145,'gslainey40@forbes.com','Anaé','Slainey','1976-02-10','1381389136',172),(146,'jdrysdale41@sohu.com','Gisèle','Drysdale','1998-03-09','7828194000',173),(147,'ikobiela42@flavors.me','Mélys','Kobiela','1986-12-31','1108095238',173),(148,'mcorpes43@icio.us','Lauréna','Corpes','1964-08-23','6121664102',174),(149,'mcuvley44@cnn.com','Gaïa','Cuvley','1998-06-06','6596255319',174),(150,'abartul45@deliciousdays.com','Salomé','Bartul','1985-02-28','3845344299',175),(151,'nbarnet46@bloglines.com','Pénélope','Barnet','1952-01-03','3694885392',93),(152,'mmair47@huffingtonpost.com','Märta','Mair','1978-09-17','5392579588',176),(153,'qing48@hhs.gov','Marylène','Ing','1995-11-22','6534655577',176),(154,'tphilp49@alibaba.com','Hélène','Philp','1961-08-14','6017464486',177),(155,'vmccroft4a@livejournal.com','Annotés','McCroft','1976-07-02','6393280727',177),(156,'mcollar4b@engadget.com','Ruò','Collar','1996-11-17','9657264789',178),(157,'pstebbing4c@amazonaws.com','Maï','Stebbing','1974-08-14','3223484577',178),(158,'lgorrie4d@answers.com','Edmée','Gorrie','1997-01-05','8098787998',179),(159,'myeldon4e@utexas.edu','Loïc','Yeldon','1952-10-31','4351017157',179),(160,'cschimann4f@wordpress.org','Cléa','Schimann','1973-08-12','2922796859',180),(161,'sharder4g@edublogs.org','Cléa','Harder','1973-12-19','7847486437',58),(162,'lwickins4h@vkontakte.ru','Salomé','Wickins','2001-05-16','9947257500',181),(163,'sjouanot4i@forbes.com','Célestine','Jouanot','1958-08-21','5556366280',181),(164,'dsinson4j@telegraph.co.uk','Desirée','Sinson','1993-07-20','8348361912',182),(165,'cstrute4k@g.co','Marlène','Strute','1952-08-23','5668809828',182),(166,'rjeanequin4l@yahoo.co.jp','Pélagie','Jeanequin','1986-09-19','2568187431',183),(167,'sweafer4m@dot.gov','Torbjörn','Weafer','1976-12-11','3178763785',183),(168,'ihayers4n@yahoo.com','Méline','Hayers','1991-03-16','1011322767',184),(169,'lpatriche4o@cpanel.net','Naéva','Patriche','1987-06-25','7761582619',184),(170,'dfrancis4p@vistaprint.com','Béatrice','Francis','1955-08-03','8607474006',185),(171,'kbusby4q@wunderground.com','Eliès','Busby','1987-02-07','9414155529',185),(172,'ywilderspoon4r@sourceforge.net','Sélène','Wilderspoon','1952-07-19','6764600118',186),(173,'jbrazier4s@addthis.com','Gaïa','Brazier','1995-09-13','4402547779',186),(174,'riggalden4t@imgur.com','Gösta','Iggalden','1979-02-09','9437097795',187),(175,'hjaffrey4u@ning.com','Solène','Jaffrey','1973-08-09','9506181900',187),(176,'adrinan4v@instagram.com','Tán','Drinan','1985-06-11','8922032485',188),(177,'dgrattage4w@netvibes.com','Jú','Grattage','1982-02-04','1046900010',188),(178,'jkissock4x@liveinternet.ru','Bécassine','Kissock','1993-03-24','4364806561',189),(179,'bblakeslee4y@cargocollective.com','Lèi','Blakeslee','1969-12-11','3129716863',189),(180,'ddunlop4z@blinklist.com','Angélique','Dunlop','1961-11-08','6092419769',190),(181,'sbermingham50@tripadvisor.com','Frédérique','Bermingham','1988-09-09','8887995566',190),(182,'ewasylkiewicz51@arstechnica.com','Håkan','Wasylkiewicz','1986-09-17','1065406949',191),(183,'mvannuccinii52@usatoday.com','Nadège','Vannuccinii','1983-03-21','4162155912',5),(184,'rduffet53@gnu.org','Laurélie','Duffet','1955-07-19','8953271697',192),(185,'ebeathem54@discovery.com','Daphnée','Beathem','1953-06-17','3427963583',192),(186,'hbeceril55@photobucket.com','Åke','Beceril','1987-03-23','2287731971',12),(187,'bashburne56@facebook.com','Françoise','Ashburne','1960-09-01','2791021997',193),(188,'bocorr57@europa.eu','Médiamass','O\'Corr','1991-01-14','2632066855',194),(189,'nwykey58@hostgator.com','Maïly','Wykey','1960-06-14','1955341624',24),(190,'bellwand59@fc2.com','Mégane','Ellwand','1956-06-26','4465037689',195),(191,'eclabburn5a@infoseek.co.jp','Félicie','Clabburn','2000-10-11','9465055386',195),(192,'jivimey5b@accuweather.com','Pò','Ivimey','1981-11-16','8654907048',196),(193,'wrollason5c@lycos.com','Maéna','Rollason','1976-12-30','7409537547',11),(194,'lharniman5d@deliciousdays.com','Amélie','Harniman','1979-07-23','5311434827',197),(195,'bloftus5e@usgs.gov','Mahélie','Loftus','1986-05-01','8588637730',197),(196,'mcoger5f@foxnews.com','Faîtes','Coger','1983-09-28','3999669262',198),(197,'rcoppen5g@usatoday.com','Cloé','Coppen','1972-12-12','8641028995',198),(198,'rmiles5h@imdb.com','Valérie','Miles','1960-03-19','8463939461',199),(199,'mbriatt5i@biglobe.ne.jp','Nadège','Briatt','1990-01-14','4087268998',4),(200,'nconws5j@live.com','Sòng','Conws','1983-11-28','7895246525',100);
/*!40000 ALTER TABLE `personer` ENABLE KEYS */;

--
-- Temporary view structure for view `salda_objekt`
--

SET @saved_cs_client     = @@character_set_client;
/*!50503 SET character_set_client = utf8mb4 */;
/*!50001 CREATE VIEW `salda_objekt` AS SELECT 
 1 AS `id`,
 1 AS `adress`,
 1 AS `antal_rum`,
 1 AS `storlek`,
 1 AS `vaning`,
 1 AS `hiss`,
 1 AS `balkong`,
 1 AS `manadsavgift`,
 1 AS `utgangspris`,
 1 AS `forsaljningspris`,
 1 AS `maklararvode`,
 1 AS `saljstart`,
 1 AS `avslutat`,
 1 AS `saljare`,
 1 AS `kopare`,
 1 AS `maklare`*/;
SET character_set_client = @saved_cs_client;

--
-- Final view structure for view `salda_objekt`
--

/*!50001 DROP VIEW IF EXISTS `salda_objekt`*/;
/*!50001 SET @saved_cs_client          = @@character_set_client */;
/*!50001 SET @saved_cs_results         = @@character_set_results */;
/*!50001 SET @saved_col_connection     = @@collation_connection */;
/*!50001 SET character_set_client      = utf8mb4 */;
/*!50001 SET character_set_results     = utf8mb4 */;
/*!50001 SET collation_connection      = utf8mb4_0900_ai_ci */;
/*!50001 CREATE ALGORITHM=UNDEFINED */
/*!50013 DEFINER=`root`@`localhost` SQL SECURITY DEFINER */
/*!50001 VIEW `salda_objekt` AS select `objekt`.`id` AS `id`,`objekt`.`adress` AS `adress`,`objekt`.`antal_rum` AS `antal_rum`,`objekt`.`storlek` AS `storlek`,`objekt`.`vaning` AS `vaning`,`objekt`.`hiss` AS `hiss`,`objekt`.`balkong` AS `balkong`,`objekt`.`manadsavgift` AS `manadsavgift`,`objekt`.`utgangspris` AS `utgangspris`,`objekt`.`forsaljningspris` AS `forsaljningspris`,`objekt`.`maklararvode` AS `maklararvode`,`objekt`.`saljstart` AS `saljstart`,`objekt`.`avslutat` AS `avslutat`,`objekt`.`saljare` AS `saljare`,`objekt`.`kopare` AS `kopare`,`objekt`.`maklare` AS `maklare` from `objekt` where ((`objekt`.`forsaljningspris` is not null) and (`objekt`.`kopare` is not null)) */;
/*!50001 SET character_set_client      = @saved_cs_client */;
/*!50001 SET character_set_results     = @saved_cs_results */;
/*!50001 SET collation_connection      = @saved_col_connection */;
/*!40103 SET TIME_ZONE=@OLD_TIME_ZONE */;

/*!40101 SET SQL_MODE=@OLD_SQL_MODE */;
/*!40014 SET FOREIGN_KEY_CHECKS=@OLD_FOREIGN_KEY_CHECKS */;
/*!40014 SET UNIQUE_CHECKS=@OLD_UNIQUE_CHECKS */;
/*!40101 SET CHARACTER_SET_CLIENT=@OLD_CHARACTER_SET_CLIENT */;
/*!40101 SET CHARACTER_SET_RESULTS=@OLD_CHARACTER_SET_RESULTS */;
/*!40101 SET COLLATION_CONNECTION=@OLD_COLLATION_CONNECTION */;
/*!40111 SET SQL_NOTES=@OLD_SQL_NOTES */;

-- Dump completed on 2024-05-06  9:38:05
